<?xml version="1.0"?>
<!DOCTYPE hibernate-mapping PUBLIC "-//Hibernate/Hibernate Mapping DTD 3.0//EN"
"http://www.hibernate.org/dtd/hibernate-mapping-3.0.dtd">
<!-- Generated 30/09/2013 20:22:50 by Hibernate Tools 3.6.0 -->
<hibernate-mapping>
    <class name="vo.Cargo" table="CARGO">
        <id name="codigo" type="int">
            <column name="CODIGO" />
            <generator class="assigned" />
        </id>
        <property name="nome" type="string">
            <column name="NOME" length="100" />
        </property>
        <property name="salario" type="java.lang.Double">
            <column name="SALARIO" precision="15" scale="0" />
        </property>
        <set name="pessoas" table="PESSOA" inverse="true" lazy="true" fetch="select">
            <key>
                <column name="CODCARGO" />
            </key>
            <one-to-many class="vo.Pessoa" />
        </set>
    </class>
</hibernate-mapping>
