<?xml version="1.0"?>
<!DOCTYPE hibernate-mapping PUBLIC "-//Hibernate/Hibernate Mapping DTD 3.0//EN"
"http://www.hibernate.org/dtd/hibernate-mapping-3.0.dtd">
<!-- Generated 30/09/2013 20:22:50 by Hibernate Tools 3.6.0 -->
<hibernate-mapping>
    <class name="vo.Ftp" table="FTP">
        <id name="codigo" type="int">
            <column name="CODIGO" />
            <generator class="assigned" />
        </id>
        <property name="host" type="string">
            <column name="HOST" length="500" />
        </property>
        <property name="banco" type="string">
            <column name="BANCO" length="100" />
        </property>
        <property name="usuario" type="string">
            <column name="USUARIO" length="100" />
        </property>
        <property name="senha" type="string">
            <column name="SENHA" length="100" />
        </property>
        <property name="diretorio" type="string">
            <column name="DIRETORIO" length="500" />
        </property>
    </class>
</hibernate-mapping>
