<?xml version="1.0"?>
<!DOCTYPE hibernate-mapping PUBLIC "-//Hibernate/Hibernate Mapping DTD 3.0//EN"
"http://www.hibernate.org/dtd/hibernate-mapping-3.0.dtd">
<!-- Generated 30/09/2013 20:22:50 by Hibernate Tools 3.6.0 -->
<hibernate-mapping>
    <class name="vo.Itenscompra" table="ITENSCOMPRA">
        <id name="codigo" type="int">
            <column name="CODIGO" />
            <generator class="assigned" />
        </id>
        <many-to-one name="produto" class="vo.Produto" fetch="select">
            <column name="CODPRODUTO" />
        </many-to-one>
        <many-to-one name="compra" class="vo.Compra" fetch="select">
            <column name="CODCOMPRA" />
        </many-to-one>
        <property name="valor" type="java.lang.Double">
            <column name="VALOR" precision="15" scale="0" />
        </property>
    </class>
</hibernate-mapping>
