<?xml version="1.0"?>
<!DOCTYPE hibernate-mapping PUBLIC "-//Hibernate/Hibernate Mapping DTD 3.0//EN"
"http://www.hibernate.org/dtd/hibernate-mapping-3.0.dtd">
<!-- Generated 30/09/2013 20:22:50 by Hibernate Tools 3.6.0 -->
<hibernate-mapping>
    <class name="vo.Produto" table="PRODUTO">
        <id name="codigo" type="int">
            <column name="CODIGO" />
            <generator class="assigned" />
        </id>
        <property name="nome" type="string">
            <column name="NOME" length="100" />
        </property>
        <property name="codigobarra" type="string">
            <column name="CODIGOBARRA" length="100" />
        </property>
        <property name="largura" type="java.lang.Double">
            <column name="LARGURA" precision="15" scale="0" />
        </property>
        <property name="comprimento" type="java.lang.Double">
            <column name="COMPRIMENTO" precision="15" scale="0" />
        </property>
        <property name="altura" type="java.lang.Double">
            <column name="ALTURA" precision="15" scale="0" />
        </property>
        <property name="peso" type="java.lang.Double">
            <column name="PESO" precision="15" scale="0" />
        </property>
        <property name="custo" type="java.lang.Double">
            <column name="CUSTO" precision="15" scale="0" />
        </property>
        <property name="venda" type="java.lang.Double">
            <column name="VENDA" precision="15" scale="0" />
        </property>
        <set name="itensvendas" table="ITENSVENDA" inverse="true" lazy="true" fetch="select">
            <key>
                <column name="CODPRODUTO" />
            </key>
            <one-to-many class="vo.Itensvenda" />
        </set>
        <set name="itenscompras" table="ITENSCOMPRA" inverse="true" lazy="true" fetch="select">
            <key>
                <column name="CODPRODUTO" />
            </key>
            <one-to-many class="vo.Itenscompra" />
        </set>
        <set name="itenscompras_1" table="ITENSCOMPRA" inverse="true" lazy="true" fetch="select">
            <key>
                <column name="CODPRODUTO" />
            </key>
            <one-to-many class="vo.Itenscompra" />
        </set>
        <set name="itensvendas_1" table="ITENSVENDA" inverse="true" lazy="true" fetch="select">
            <key>
                <column name="CODPRODUTO" />
            </key>
            <one-to-many class="vo.Itensvenda" />
        </set>
    </class>
</hibernate-mapping>
