<?xml version="1.0"?>
<!DOCTYPE hibernate-mapping PUBLIC "-//Hibernate/Hibernate Mapping DTD 3.0//EN"
"http://www.hibernate.org/dtd/hibernate-mapping-3.0.dtd">
<!-- Generated 30/09/2013 20:22:50 by Hibernate Tools 3.6.0 -->
<hibernate-mapping>
    <class name="vo.Venda" table="VENDA">
        <id name="codigo" type="int">
            <column name="CODIGO" />
            <generator class="assigned" />
        </id>
        <many-to-one name="pessoa" class="vo.Pessoa" fetch="select">
            <column name="CODPESSOA" />
        </many-to-one>
        <property name="dtvenda" type="date">
            <column name="DTVENDA" length="10" />
        </property>
        <property name="dtvencimento" type="date">
            <column name="DTVENCIMENTO" length="10" />
        </property>
        <property name="parcela" type="java.lang.Integer">
            <column name="PARCELA" />
        </property>
        <set name="itensvendas" table="ITENSVENDA" inverse="true" lazy="true" fetch="select">
            <key>
                <column name="CODVENDA" />
            </key>
            <one-to-many class="vo.Itensvenda" />
        </set>
        <set name="itensvendas_1" table="ITENSVENDA" inverse="true" lazy="true" fetch="select">
            <key>
                <column name="CODVENDA" />
            </key>
            <one-to-many class="vo.Itensvenda" />
        </set>
    </class>
</hibernate-mapping>
